<?xml version="1.0" encoding="UTF-8"?>
<project xmlns="http://www.netbeans.org/ns/project/1">
    <type>com.microchip.mplab.nbide.embedded.makeproject</type>
    <configuration>
        <data xmlns="http://www.netbeans.org/ns/make-project/1">
            <name>HelloWorld</name>
            <creation-uuid>59990177-59d9-4b45-9e21-e1b26cba238f</creation-uuid>
            <make-project-type>0</make-project-type>
            <sourceEncoding>ISO-8859-1</sourceEncoding>
            <make-dep-projects/>
            <sourceRootList>
                <sourceRootElem>../../Downloads/CS_454_654_Lab_0</sourceRootElem>
            </sourceRootList>
            <confList>
                <confElem>
                    <name>default</name>
                    <type>2</type>
                </confElem>
            </confList>
            <formatting>
                <project-formatting-style>false</project-formatting-style>
            </formatting>
        </data>
    </configuration>
</project>
