<?xml version="1.0" encoding="UTF-8"?>
<configurationDescriptor version="65">
  <logicalFolder name="root" displayName="root" projectFiles="true">
    <logicalFolder name="HeaderFiles"
                   displayName="Header Files"
                   projectFiles="true">
    </logicalFolder>
    <logicalFolder name="LoadableFiles"
                   displayName="Prebuilt Files"
                   projectFiles="true">
      <itemPath>/scratch/team-4b/MPLABXProjects/amazing-ball-system/Lab3_solution/Client/Lab3_client.hex</itemPath>
    </logicalFolder>
    <logicalFolder name="SourceFiles"
                   displayName="Source Files"
                   projectFiles="true">
    </logicalFolder>
    <logicalFolder name="ExternalFiles"
                   displayName="Important Files"
                   projectFiles="false">
    </logicalFolder>
  </logicalFolder>
  <projectmakefile>Makefile</projectmakefile>
  <confs>
    <conf name="default" type="4">
      <toolsSet>
        <developmentServer>localhost</developmentServer>
        <targetDevice>dsPIC33FJ256MC710</targetDevice>
        <targetHeader></targetHeader>
        <targetPluginBoard></targetPluginBoard>
        <platformTool>ICD3PlatformTool</platformTool>
        <languageToolchain></languageToolchain>
        <languageToolchainVersion></languageToolchainVersion>
        <platform>2</platform>
      </toolsSet>
      <packs>
        <pack name="dsPIC33F-GP-MC_DFP" vendor="Microchip" version="1.3.64"/>
      </packs>
      <ScriptingSettings>
      </ScriptingSettings>
      <compileType>
        <linkerTool>
          <linkerLibItems>
          </linkerLibItems>
        </linkerTool>
        <archiverTool>
        </archiverTool>
        <loading>
          <useAlternateLoadableFile>false</useAlternateLoadableFile>
          <parseOnProdLoad>false</parseOnProdLoad>
          <alternateLoadableFile></alternateLoadableFile>
        </loading>
        <subordinates>
        </subordinates>
      </compileType>
      <makeCustomizationType>
        <makeCustomizationPreStepEnabled>false</makeCustomizationPreStepEnabled>
        <makeUseCleanTarget>false</makeUseCleanTarget>
        <makeCustomizationPreStep></makeCustomizationPreStep>
        <makeCustomizationPostStepEnabled>false</makeCustomizationPostStepEnabled>
        <makeCustomizationPostStep></makeCustomizationPostStep>
        <makeCustomizationPutChecksumInUserID>false</makeCustomizationPutChecksumInUserID>
        <makeCustomizationEnableLongLines>false</makeCustomizationEnableLongLines>
        <makeCustomizationNormalizeHexFile>false</makeCustomizationNormalizeHexFile>
      </makeCustomizationType>
      <ICD3PlatformTool>
        <property key="firmware.download.all" value="false"/>
      </ICD3PlatformTool>
      <Tool>
        <property key="firmware.download.all" value="false"/>
      </Tool>
    </conf>
  </confs>
</configurationDescriptor>
